,epochs,Loss,Valid_Loss,PSNR,SSIM
0,1,0.009821274294518,0.009416881825642,20.4247169494629,0.594979112148285
1,2,0.007209221360141,0.00711580154353,21.5003318786621,0.599243824481964
2,3,0.006576268601098,0.006556319914359,21.8522872924805,0.59803206205368
3,4,0.006230479671753,0.006147934356704,22.1312122344971,0.5985138463974
4,5,0.00601810262472,0.006054608972876,22.1995372772217,0.5948477435112
5,6,0.005854518897831,0.005826955953879,22.3663215637207,0.597098712921143
6,7,0.005714276975154,0.005771178100258,22.4070167541504,0.595298652648926
7,8,0.005680822281699,0.005643313747299,22.5040473937988,0.595429782867432
8,9,0.005564844282344,0.005529618669035,22.5912418365478,0.596663599014282
9,10,0.005494575661474,0.005432944502016,22.6760635375977,0.597582404613495
10,11,0.005443696368353,0.005360737609278,22.7274208068848,0.598075156211853
11,12,0.005377387188907,0.00533498841604,22.7476463317871,0.597494964599609
12,13,0.005304288717785,0.005345218409119,22.7385082244873,0.595353846549988
13,14,0.005396767469522,0.005264250711272,22.8046360015869,0.596958940029144
14,15,0.005236214193116,0.00518477755,22.872428894043,0.599738125801086
15,16,0.005223802889564,0.0052378366535,22.8285427093506,0.595855300426483
16,17,0.005182684488994,0.00513344264556,22.9157047271728,0.597017412185669
17,18,0.005188760630387,0.005165127195817,22.8879528045654,0.597238903045654
18,19,0.005114856734872,0.005183111102919,22.8730430603027,0.595828239917755
19,20,0.005146704451181,0.005155749805272,22.8972759246826,0.595289890766144
20,21,0.005131258226798,0.0050898486133,22.9550952911377,0.596887772083282
21,22,0.005070854696844,0.005054805959974,22.9903049468994,0.59713775396347
22,23,0.005088525132409,0.005012728988991,23.0197257995605,0.598339622020721
23,24,0.005051739434046,0.00505878336262,22.9791774749756,0.597091917991638
24,25,0.00501035342126,0.004927920092762,23.0926990509033,0.599590425491333
25,26,0.004994649024281,0.00497738017501,23.0482559204102,0.597753410339355
26,27,0.005050134036823,0.005025013157034,23.0062007904053,0.595700089931488
27,28,0.004954169218295,0.004905933006999,23.114574432373,0.597853248119354
28,29,0.004951575445011,0.004957657026327,23.0655212402344,0.596659784317017
29,30,0.004942855762783,0.004911522131546,23.1082324981689,0.59726793050766
30,31,0.004870070432246,0.005009283078834,23.0222072601318,0.592531805038452
31,32,0.004914910539186,0.004949477393114,23.079460144043,0.594975655078888
32,33,0.004831606219523,0.004847756209451,23.1677589416504,0.597866539955139
33,34,0.004877169882613,0.004816161571736,23.1986541748047,0.597970550060272
34,35,0.004894817637147,0.004861631497209,23.1486988067627,0.596086626052856
35,36,0.004864793250869,0.004812231112737,23.2017612457275,0.597397153377533
36,37,0.004819432564545,0.004826709155792,23.1918621063232,0.596460764408112
37,38,0.004814413169931,0.00482759611415,23.1830940246582,0.59558666229248
38,39,0.004763509426266,0.004830905558941,23.182788848877,0.595265214443207
39,40,0.00474689492091,0.004791258164083,23.2146530151367,0.596142058372498
40,41,0.00471928680615,0.004780684384917,23.2224636077881,0.59617329120636
41,42,0.00477728244649,0.004809881029983,23.2032432556152,0.595318620204926
42,43,0.004772210543576,0.004743520503065,23.2594051361084,0.597295706272125
43,44,0.004788184375502,0.004651290732103,23.3473491668701,0.599675540924072
44,45,0.004791921383834,0.004707386143439,23.2928638458252,0.59700918674469
45,46,0.004714343568776,0.00471194698309,23.2920341491699,0.596323614120483
46,47,0.00468319482669,0.004710893155009,23.2908821105957,0.596398000717163
47,48,0.004701530945022,0.004769508089937,23.2360668182373,0.594284300804138
48,49,0.004633091117388,0.004683699859639,23.3144245147705,0.596178596019745
49,50,0.00469995143524,0.004664281504561,23.3288326263428,0.596006219387054
50,51,0.004697954350351,0.004675409961159,23.3311386108398,0.595586841106415
51,52,0.004644914786331,0.004693470263321,23.3056125640869,0.593995218276978
52,53,0.004618203839553,0.0046429396291,23.3505954742432,0.596412782669067
53,54,0.004658876056783,0.004653403329264,23.3419284820557,0.595773642063141
54,55,0.004639611973627,0.004600167924738,23.3962993621826,0.597055976390839
55,56,0.004544700181577,0.004557813654122,23.4375267028809,0.598479812145233
56,57,0.004567572737246,0.004666827539248,23.3302669525146,0.594274168014526
57,58,0.004567670514474,0.004566761896214,23.4284763336182,0.598106091022491
58,59,0.004555976384186,0.004500586406461,23.4901809692383,0.599039499759674
59,60,0.004545035624012,0.004551637127796,23.4444274902344,0.597725157737732
60,61,0.004593568963797,0.004554435619087,23.434549331665,0.596834485530853
61,62,0.004533432369187,0.004534152966724,23.4595737457275,0.598001008033752
62,63,0.00457403870366,0.004542022228374,23.4506168365478,0.598005836009979
63,64,0.00453556298245,0.004439273283684,23.5491847991943,0.59883362531662
64,65,0.004503968848647,0.004504586378711,23.488260269165,0.597345893383026
65,66,0.004469629229113,0.004503705846478,23.4879550933838,0.597127561569214
66,67,0.004515057027207,0.004573280510626,23.4201755523682,0.593984906673431
67,68,0.00449952702038,0.004538886817837,23.4546890258789,0.595167701244354
68,69,0.004450209240895,0.004536221647036,23.4508438110352,0.5946977186203
69,70,0.004487249609416,0.004473157376716,23.514820098877,0.59761018037796
70,71,0.004499577991997,0.004451365808823,23.5388107299805,0.596994225978851
71,72,0.004478052915407,0.00444918318951,23.545560836792,0.597731714248657
72,73,0.004468700530872,0.004451728996355,23.5386657714844,0.596762542724609
73,74,0.004448596428015,0.004448335832318,23.5385398864746,0.597566609382629
74,75,0.004447248807576,0.004464589826031,23.5288257598877,0.595888977050781
75,76,0.004425519626654,0.004447676154918,23.5424251556396,0.596170489788055
76,77,0.004416749127475,0.004418780353652,23.5691795349121,0.595937852859497
77,78,0.004427559075079,0.004380404696401,23.612096786499,0.597314064502716
78,79,0.004406197051451,0.004385924928023,23.5979919433594,0.596883838176727
79,80,0.004402666061651,0.004471043788362,23.5247287750244,0.594065670967102
80,81,0.004416647496899,0.004411047201471,23.5738391876221,0.596139853000641
81,82,0.004379700744591,0.004325827304274,23.6614360809326,0.598715965747833
82,83,0.004376208123618,0.004381715506315,23.6134433746338,0.59717780828476
83,84,0.004425034610488,0.004331958144238,23.6576080322266,0.59833747625351
84,85,0.004387263178692,0.004340777413121,23.6460208892822,0.597781245708466
85,86,0.004332331137266,0.004380817169191,23.6081848144531,0.595443551540375
86,87,0.004401877327889,0.004370643768925,23.6099891662598,0.595628564357758
87,88,0.004382486110886,0.004328088276088,23.6637382507324,0.596696083545685
88,89,0.004333705431782,0.004305477738048,23.6847171783447,0.598398094177246
89,90,0.00430730705848,0.004379569865497,23.6100273132324,0.595584754943848
90,91,0.004320823306417,0.004259255450285,23.7314319610596,0.59861743927002
91,92,0.004332023972113,0.00435034812295,23.6320304870605,0.595463221073151
92,93,0.004274310527502,0.004250332819564,23.7392902374268,0.598893766403198
93,94,0.004286552619721,0.004319593425108,23.6687679290771,0.596471433639526
94,95,0.004289445565415,0.004306279606785,23.6821708679199,0.596537594795227
95,96,0.00432240100511,0.004336106007187,23.6523056030273,0.595682864189148
96,97,0.004278786129518,0.004296779745658,23.6927394866943,0.59673846244812
97,98,0.004297894407396,0.004235825225312,23.7561912536621,0.597853784561157
98,99,0.004273108921812,0.004331273818389,23.6541614532471,0.594270651340485
99,100,0.004286568711645,0.004292277906955,23.6954250335693,0.59542239189148
100,101,0.00423439036323,0.004289051218491,23.6964073181152,0.594862585067749
101,102,0.004248097064971,0.004274350314933,23.7104110717773,0.595665876865387
102,103,0.004235154689689,0.004255527489087,23.7336654663086,0.59690571308136
103,104,0.004304848292044,0.004185100704698,23.8074131011963,0.599562292098999
104,105,0.004232000082266,0.004250534657123,23.7345676422119,0.595846180915833
105,106,0.004236431833955,0.004236953359629,23.7484035491943,0.596707050800324
106,107,0.004231641815776,0.004319288348779,23.6658725738525,0.593492929935455
107,108,0.004196555984007,0.004183883645705,23.8092746734619,0.598931496143341
108,109,0.004248768946023,0.004209320358599,23.7797660827637,0.597164158821106
109,110,0.004225267010874,0.004240332181299,23.7489891052246,0.595708434581757
110,111,0.004201736517384,0.004231981083285,23.7576313018799,0.595943992137909
111,112,0.004223747900687,0.004205355658529,23.7863216400146,0.597011272907257
112,113,0.004228702481903,0.004195063667638,23.79518699646,0.59709531545639
113,114,0.004212860852879,0.004189088326945,23.7972316741943,0.596535210609436
114,115,0.004164528244707,0.004211361784421,23.782470703125,0.595438067913055
115,116,0.004185381535042,0.004176705239141,23.8169994354248,0.597361032962799
116,117,0.004213224057042,0.004180686914229,23.8087196350098,0.596795265674591
117,118,0.00418325138245,0.004191970371176,23.7954902648926,0.595543389320374
118,119,0.004187944499842,0.004210226583694,23.7811870574951,0.595998888015747
119,120,0.004088472757888,0.004143314367892,23.8554992675781,0.597618703842163
120,121,0.004174578592314,0.004196133564359,23.7955112457275,0.595567827224731
121,122,0.00414525859191,0.004151491281976,23.8448619842529,0.598088448047638
122,123,0.004146640468389,0.004177192748258,23.8142433166504,0.595540468692779
123,124,0.004119702347089,0.004211996514018,23.7786483764648,0.593866651058197
124,125,0.00418529487215,0.00413972625642,23.8506755828857,0.596578483581543
125,126,0.004153047570227,0.004167883274412,23.8206443786621,0.595227961540222
126,127,0.004151755667824,0.004196028843788,23.798318862915,0.594162588119507
127,128,0.004105268109457,0.004062916599547,23.9353733062744,0.600334649085999
128,129,0.004106357876611,0.004147171623273,23.8463478088379,0.596524839401245
129,130,0.004104069276114,0.004153301300747,23.8369426727295,0.595740203857422
130,131,0.00410250180035,0.004101076575794,23.8929748535156,0.597655420303345
131,132,0.004126031414074,0.00418734469318,23.8041229248047,0.594534461498261
132,133,0.004117770378278,0.004071199702698,23.9286651611328,0.599073891639709
133,134,0.004144192896118,0.004116337418756,23.880241394043,0.597134773731232
134,135,0.004141730653854,0.004048720773842,23.9499015808105,0.59919584274292
135,136,0.004111482181387,0.004089438346481,23.907585144043,0.597123687267303
136,137,0.00408294182936,0.004116825696214,23.8740921020508,0.595342879295349
137,138,0.004137014288322,0.004059024574235,23.9436321258545,0.598375027179718
138,139,0.004084982616561,0.004074875293632,23.9206237792969,0.597613279819489
139,140,0.00406792318016,0.004130398314114,23.8613624572754,0.595333640575409
140,141,0.004081484257975,0.004098380430202,23.8980712890625,0.596415405273438
141,142,0.004052598498363,0.004057275731715,23.9383659362793,0.59813702583313
142,143,0.00409289462758,0.00407846285629,23.9213008880615,0.595777158737183
143,144,0.004125881047055,0.004129869953197,23.8636608123779,0.59427196264267
144,145,0.004095054620744,0.004099457127242,23.9000854492187,0.595074360370636
145,146,0.004040280375297,0.004076542504065,23.9173336029053,0.594248239994049
146,147,0.004044387930272,0.004033568519766,23.9723663330078,0.597145919799805
147,148,0.004039305061035,0.004095042807915,23.9024143218994,0.595638399124146
148,149,0.004065247041373,0.00402930083219,23.9700832366943,0.597699110507965
149,150,0.004067296378448,0.004020170012622,23.9822044372559,0.598704879283905
150,151,0.004021943255793,0.00400957436068,23.9951553344727,0.598392610549927
151,152,0.003990732184944,0.004037579924001,23.9651641845703,0.596810584068298
152,153,0.004046456602269,0.004028419777751,23.9749794006348,0.597548072338104
153,154,0.004040435380635,0.004089245868714,23.9045486450195,0.59357935667038
154,155,0.004016476121199,0.003991089362119,24.0108509063721,0.598137681484222
155,156,0.004025198959945,0.004024232581391,23.9754123687744,0.596580331325531
156,157,0.003999938434988,0.004028723184352,23.9720916748047,0.596759264469147
157,158,0.004038223614251,0.003976346818464,24.0270519256592,0.598522429466248
158,159,0.004055469218708,0.004039288997384,23.9598922729492,0.595493321418762
159,160,0.004022401014143,0.00401866395093,23.9830875396729,0.595422332286835
160,161,0.004055966325437,0.0040100081408,23.9983806610107,0.596441869735718
161,162,0.00398104620399,0.004037603697673,23.9611206054687,0.595965688228607
162,163,0.004045405729474,0.003987219889781,24.0183410644531,0.597561423778534
163,164,0.003933733621878,0.003961161981403,24.0435314178467,0.598883097171783
164,165,0.003995037052248,0.003974373347592,24.0355472564697,0.59736341714859
165,166,0.003997910721228,0.004033201605281,23.9677906036377,0.595096354484558
166,167,0.004007031299573,0.003974661111299,24.0283679962158,0.597308580875397
167,168,0.003990443995489,0.004031483885566,23.9735870361328,0.595205490589142
168,169,0.003988162180342,0.003990566667302,24.0125560760498,0.596978073120117
169,170,0.003958998886602,0.00393486507237,24.0739040374756,0.598451201915741
170,171,0.003930920008237,0.003960958098261,24.0470333099365,0.597372119426727
171,172,0.003971410269982,0.003980971821251,24.0222091674805,0.595433418750763
172,173,0.003993923582935,0.003976540136085,24.0314636230469,0.59576189994812
173,174,0.003970264969394,0.004011970676947,23.9884204864502,0.594211940765381
174,175,0.00401576863369,0.003958710316303,24.053316116333,0.598058586120605
175,176,0.003942486898242,0.003976556316151,24.0285987854004,0.596420829296112
176,177,0.003939929143858,0.00397168863731,24.0298118591309,0.596257572174072
177,178,0.003973019490617,0.003934605126934,24.0727424621582,0.597434227466583
178,179,0.003957769312962,0.00397744258267,24.027322769165,0.595259850025177
179,180,0.003945025287768,0.004008597918853,23.9885540008545,0.594606463909149
180,181,0.003974582269854,0.0040038838018,23.9960536956787,0.594053690433502
181,182,0.003973798282511,0.003974403860047,24.0364265441895,0.596518223285675
182,183,0.003927534000416,0.003967086799509,24.0419750213623,0.595481698513031
183,184,0.003974770550017,0.003982860420365,24.0222969055176,0.594482426643372
184,185,0.00394909602224,0.003968388898232,24.0348701477051,0.594638531208038
185,186,0.003942442364392,0.003974657482468,24.0290584564209,0.59573007106781
186,187,0.003926463130795,0.003992550555683,24.0080661773682,0.593373124599457
187,188,0.003932318402388,0.003991885400111,24.0087127685547,0.594421987533569
188,189,0.003929936792701,0.003902391585455,24.104024887085,0.597726767063141
189,190,0.003914840393034,0.003963594263353,24.0380363464355,0.595981125831604
190,191,0.003943340955967,0.003875923519289,24.1412391662598,0.597849969863892
191,192,0.003963374343169,0.003904068132397,24.1062660217285,0.597157959938049
192,193,0.003943110142635,0.003912942793353,24.0920505523682,0.596448485851288
193,194,0.003921831934713,0.003916143966905,24.0998935699463,0.596500759124756
194,195,0.003897810225109,0.003947971759564,24.0615940093994,0.595640604496002
195,196,0.003907461452764,0.003913452117039,24.0986614227295,0.596588616371155
196,197,0.003883918609271,0.003955296270682,24.0486755371094,0.595868949890137
197,198,0.003891995856871,0.003876622478544,24.1405582427979,0.597381179332733
198,199,0.003914451547566,0.003938639163971,24.0657215118408,0.595503096580505
199,200,0.003906195632382,0.003854387488017,24.1640453338623,0.59759968996048
200,201,0.003865207009949,0.003928566783933,24.0781593322754,0.592142999172211
201,202,0.003893751132169,0.003911694155873,24.0993843078613,0.594098448753357
202,203,0.003876585199032,0.003852623764292,24.1719436645508,0.594866752624512
203,204,0.003825055135946,0.003899403831123,24.1129016876221,0.594004154205322
204,205,0.003894418760735,0.003884143813048,24.1266040802002,0.593258082866669
205,206,0.003844842673945,0.003854377496256,24.1646957397461,0.594358146190643
206,207,0.003869773755183,0.003867803232944,24.15012550354,0.593370139598846
207,208,0.003900019663186,0.003897033523702,24.1139850616455,0.592217981815338
208,209,0.003903354810817,0.003909368443835,24.1015548706055,0.59133791923523
209,210,0.003892486765315,0.003924455788053,24.0853977203369,0.592703402042389
210,211,0.003865394019522,0.003814463074585,24.2102642059326,0.595570266246796
211,212,0.003831528288512,0.003808857420725,24.2155208587646,0.595515131950378
212,213,0.003861255880578,0.003873845188147,24.1420192718506,0.592755317687988
213,214,0.003903353061261,0.003817693641343,24.202995300293,0.596437752246857
214,215,0.003850098429913,0.003872732335835,24.1367282867432,0.592161178588867
215,216,0.003826358995866,0.00385846357593,24.1582546234131,0.594363451004028
216,217,0.003848818905785,0.003874614252709,24.1402130126953,0.593067705631256
217,218,0.003892128309235,0.003854721703101,24.1614151000977,0.594127178192139
218,219,0.003845860449863,0.003780986087596,24.2470607757568,0.597607851028442
219,220,0.003848475009935,0.003842050675303,24.1768341064453,0.593679904937744
220,221,0.003830864174025,0.003803741313251,24.226203918457,0.594877541065216
221,222,0.003817109815178,0.003834562332902,24.1855506896973,0.593509674072266
222,223,0.003869031846989,0.003896007683527,24.1151924133301,0.590366065502167
223,224,0.003839424099507,0.003882025855793,24.1328868865967,0.592359244823456
224,225,0.00383143128295,0.003795127515748,24.2322540283203,0.596658229827881
225,226,0.003844343348672,0.003850064992106,24.164342880249,0.591158866882324
226,227,0.003845047879232,0.003841395486545,24.1804504394531,0.592198371887207
227,228,0.003850529075135,0.003811491427145,24.212329864502,0.595331132411957
228,229,0.003857374399169,0.003798180853482,24.2291507720947,0.594936072826386
229,230,0.003802280841462,0.003863551825218,24.1538467407227,0.592395901679993
230,231,0.003824866170596,0.003863648488186,24.1534423828125,0.590521991252899
231,232,0.003851428714448,0.00381249687967,24.2114696502686,0.592905998229981
232,233,0.003806473597485,0.003832663058503,24.1862487792969,0.593181610107422
233,234,0.00380514165819,0.003770445478481,24.2589454650879,0.597073256969452
234,235,0.003859733500784,0.003787479659409,24.2416439056396,0.595253467559814
235,236,0.003830916138499,0.003848520371996,24.1702289581299,0.590969800949097
236,237,0.003771941922605,0.003817919688299,24.2076168060303,0.592632949352264
237,238,0.003845170719017,0.003772629719294,24.2590789794922,0.595426738262177
238,239,0.003755676867773,0.003861762819413,24.1544456481934,0.591175079345703
239,240,0.003778745754555,0.003767118135667,24.2662181854248,0.595793068408966
240,241,0.003802875900042,0.0038508577871,24.1699981689453,0.59147036075592
241,242,0.003793072356244,0.003784732528896,24.2415561676025,0.59371280670166
242,243,0.003776198542411,0.003828191833704,24.1895751953125,0.593305885791779
243,244,0.003826753598904,0.003819863411731,24.2001876831055,0.592071652412415
244,245,0.003763420873189,0.003845700107714,24.1700096130371,0.592320919036865
245,246,0.003781084636492,0.0037859822823,24.2398262023926,0.593885481357574
246,247,0.003782620532106,0.003770838797625,24.2595367431641,0.594843029975891
247,248,0.003804591715535,0.003814342538161,24.2070217132568,0.592497050762177
248,249,0.003773918661422,0.003714146716188,24.3254489898682,0.596729695796967
249,250,0.003734546176357,0.003812885745096,24.2149791717529,0.592905402183533
250,251,0.003794605491151,0.003788015978145,24.2346496582031,0.593675553798676
251,252,0.003780336799433,0.003777971253398,24.2510795593262,0.595239460468292
252,253,0.003782177603404,0.003770545766955,24.2611122131348,0.595937132835388
253,254,0.00377089947329,0.003779847038511,24.2440490722656,0.592913269996643
254,255,0.003780949320312,0.003764557746971,24.2650470733643,0.593739449977875
255,256,0.003786151728127,0.003702087109975,24.3372249603271,0.597610354423523
256,257,0.003774172880886,0.003771517297719,24.2543449401855,0.593487083911896
257,258,0.003768293913786,0.003767631414147,24.2619132995605,0.592307448387146
258,259,0.003777404086265,0.003774755582812,24.2564144134521,0.592542827129364
259,260,0.003759568289388,0.003762553103401,24.2657337188721,0.593850791454315
260,261,0.003769301689629,0.003794804135604,24.2319927215576,0.592249751091003
261,262,0.00375884256625,0.003756516042631,24.2749824523926,0.593333601951599
262,263,0.003789809585682,0.003678245734357,24.3660850524902,0.596648573875427
263,264,0.00377916004675,0.003699925101163,24.3425598144531,0.597398579120636
264,265,0.003750338275651,0.003822314241968,24.1994342803955,0.590016305446625
265,266,0.003739421596817,0.003776578063012,24.2512950897217,0.591104686260223
266,267,0.003798311406613,0.003777431623478,24.2514228820801,0.591375291347504
267,268,0.003744528692083,0.003814714696325,24.209493637085,0.590498805046082
268,269,0.003764883047968,0.003789137804415,24.2337493896484,0.590477824211121
269,270,0.003740063539174,0.00371414301418,24.3269138336182,0.595692217350006
270,271,0.003761290599193,0.003810199955478,24.2113933563232,0.590178370475769
271,272,0.003752024506684,0.00372692834852,24.310977935791,0.594168305397034
272,273,0.00374249433766,0.003764066209884,24.2642269134521,0.592397391796112
273,274,0.003719813634442,0.003728317615709,24.3111190795898,0.593830108642578
274,275,0.003702109242191,0.003749034033223,24.2805595397949,0.594031631946564
275,276,0.003746610648731,0.003751000507535,24.2799797058105,0.591480493545532
276,277,0.003706802948312,0.003723315467193,24.3166580200195,0.594772040843964
277,278,0.003711080153672,0.003719908991895,24.3148593902588,0.593783318996429
278,279,0.003761204466822,0.003775374576383,24.2523460388184,0.592213332653046
279,280,0.003717247827444,0.003717050546714,24.3192291259766,0.594102799892426
280,281,0.003706850969632,0.003786069025019,24.2432098388672,0.589438736438751
281,282,0.003728826788055,0.003708450802203,24.3340435028076,0.59471720457077
282,283,0.003708831337281,0.00375385705681,24.277587890625,0.591631710529327
283,284,0.003730072571696,0.003662794035128,24.3861293792725,0.596813857555389
284,285,0.003677311148827,0.003711390501953,24.3287696838379,0.593443274497986
285,286,0.003711979194278,0.003806394594722,24.2133922576904,0.587578594684601
286,287,0.003700426684892,0.003709300965004,24.3357048034668,0.594642162322998
287,288,0.003730950266722,0.003706782023489,24.3269290924072,0.59306937456131
288,289,0.003700687358755,0.00371533594194,24.3238849639893,0.593234062194824
289,290,0.003694812369732,0.003666178171989,24.3792705535889,0.596495687961578
290,291,0.003700236159576,0.003699950695903,24.3412246704102,0.594348073005676
291,292,0.003701732093136,0.003735776089265,24.3022651672363,0.593512535095215
292,293,0.003697842359543,0.003742403141223,24.2889366149902,0.591419339179993
293,294,0.003725668377176,0.003736298958704,24.2989044189453,0.590293765068054
294,295,0.003703406574537,0.003721900553709,24.3124294281006,0.592675268650055
295,296,0.003707698074036,0.003752751608512,24.2791786193848,0.591809868812561
296,297,0.003689716668201,0.003711931492269,24.3279685974121,0.59423828125
297,298,0.003679733252752,0.003684225626889,24.3569030761719,0.593596339225769
298,299,0.003700029532359,0.003696792482931,24.3472061157227,0.592173218727112
299,300,0.003690931395561,0.003724878497555,24.3092002868652,0.592940211296082
300,301,0.003660571501989,0.003758549199639,24.2748775482178,0.589379787445068
301,302,0.003682001708408,0.003686520806514,24.3633594512939,0.592262029647827
302,303,0.003713026902239,0.003685184433458,24.36252784729,0.593019127845764
303,304,0.003693531476893,0.003680585915156,24.3638324737549,0.594520568847656
304,305,0.003614095329041,0.003767808561679,24.2622680664063,0.589435994625092
305,306,0.003643089705812,0.003678355266207,24.3688888549805,0.592805147171021
306,307,0.003665753927947,0.00369676318452,24.344482421875,0.591761767864227
307,308,0.003646666952409,0.003711171968774,24.3295993804932,0.591502904891968
308,309,0.003679822523346,0.003650613332034,24.40256690979,0.595566689968109
309,310,0.00374753050107,0.003669917590118,24.3746795654297,0.59316623210907
310,311,0.00366603448222,0.003678354012248,24.3710308074951,0.593309760093689
311,312,0.003696930205583,0.00369581263845,24.3469429016113,0.591420948505402
312,313,0.00369186697561,0.003640220547095,24.412239074707,0.595611453056335
313,314,0.003698709136474,0.003644644016666,24.4099750518799,0.595509111881256
314,315,0.003654077178466,0.00368549437761,24.3560771942139,0.593295633792877
315,316,0.003705755644478,0.003680030519276,24.3611717224121,0.593523025512695
316,317,0.003646125158827,0.003714189854717,24.322681427002,0.592430770397186
317,318,0.003675144870899,0.003689423243382,24.3509826660156,0.59162175655365
318,319,0.003653835210883,0.003610771618384,24.4489040374756,0.595504760742188
319,320,0.003675207355991,0.003628524075196,24.4339294433594,0.59606260061264
320,321,0.003645108809828,0.003630886130434,24.422176361084,0.595269024372101
321,322,0.003658931832095,0.003635471585273,24.418924331665,0.595711529254913
322,323,0.00364315691903,0.003649238610108,24.4005928039551,0.592375695705414
323,324,0.003658562662479,0.003646211425907,24.4036312103271,0.593307435512543
324,325,0.003670994302125,0.003610977212832,24.444917678833,0.596397817134857
325,326,0.00363819228452,0.003700273951316,24.3383598327637,0.592286765575409
326,327,0.003644091973547,0.003651354485191,24.3963317871094,0.592692852020264
327,328,0.003593385976274,0.003701189579442,24.3348064422607,0.590587317943573
328,329,0.003635255693059,0.003635382582434,24.4173450469971,0.595043301582336
329,330,0.003667321436972,0.003643127143317,24.4136867523193,0.59254664182663
330,331,0.003664187551476,0.003674595482049,24.3694305419922,0.590352535247803
331,332,0.003639494348317,0.003661285350764,24.3822231292725,0.593121111392975
332,333,0.003637997865943,0.00362632966301,24.4238796234131,0.595512092113495
333,334,0.00363031740001,0.003661615759068,24.3856868743896,0.592417716979981
334,335,0.003612430980762,0.00362822977061,24.4249649047852,0.595146238803864
335,336,0.003659316323631,0.003635224252607,24.4125690460205,0.593284845352173
336,337,0.00363715544975,0.003618205144137,24.43825340271,0.595178961753845
337,338,0.003612651910433,0.003601555097183,24.457706451416,0.595340192317963
338,339,0.003669449580567,0.003589162998833,24.4757709503174,0.596154808998108
339,340,0.003655112829126,0.003600907425529,24.4608783721924,0.594567954540253
340,341,0.003657632462481,0.003653536118301,24.3963966369629,0.593175053596497
341,342,0.003628650152989,0.00360725515389,24.4528579711914,0.59547883272171
342,343,0.003612294748226,0.003628812186486,24.4238243103027,0.593278527259827
343,344,0.003626044342361,0.003628457033275,24.4271545410156,0.593788683414459
344,345,0.00360434432514,0.003564891743008,24.5022716522217,0.598082780838013
345,346,0.003598186491789,0.003662737848104,24.3848667144775,0.589399635791779
346,347,0.003621157626289,0.003602447473843,24.4561405181885,0.593965947628021
347,348,0.003610655731921,0.003601469042977,24.458251953125,0.594378530979157
348,349,0.003645263470909,0.003599215747922,24.4591732025146,0.593240201473236
349,350,0.00360706907564,0.003596975522981,24.4651584625244,0.594947934150696
350,351,0.003601479260916,0.003588359548511,24.4763469696045,0.596258819103241
351,352,0.003604109954488,0.003595743351616,24.4671325683594,0.593501150608063
352,353,0.003602714866533,0.003563067489969,24.5037040710449,0.595697343349457
353,354,0.003644452583311,0.003594412167357,24.4643650054932,0.595074415206909
354,355,0.00363353580303,0.003607147705874,24.4540519714355,0.595391631126404
355,356,0.003601112095307,0.003568929884516,24.4979667663574,0.59530520439148
356,357,0.003600958274079,0.003626762500166,24.4266510009766,0.593169450759888
357,358,0.003632942384242,0.003566261414172,24.5038566589355,0.59594452381134
358,359,0.003607349972507,0.003600000330646,24.4623184204102,0.593809962272644
359,360,0.003552290730711,0.003642791160382,24.4044227600098,0.591876566410065
360,361,0.003595723103665,0.003633656306192,24.4187622070312,0.591375052928925
361,362,0.003610635572113,0.003625671708557,24.426441192627,0.593195021152496
362,363,0.003585613380918,0.003548799362034,24.5239734649658,0.596537053585053
363,364,0.003569552214218,0.003590284118296,24.4750308990479,0.594526648521423
364,365,0.003607481240761,0.003585419802195,24.4753513336182,0.593335747718811
365,366,0.003546960056493,0.003550942346919,24.5255680084229,0.595691621303558
366,367,0.003601264948624,0.003625730212246,24.4327068328857,0.590803980827332
367,368,0.003566911844869,0.003592934890185,24.4707145690918,0.593061447143555
368,369,0.003591169240618,0.003577891391303,24.4895572662354,0.593913793563843
369,370,0.003571224907812,0.003588600589761,24.4765338897705,0.591831266880035
370,371,0.0035857758385,0.003616907011851,24.4372215270996,0.591802716255188
371,372,0.00361801440761,0.003549497518023,24.5251121520996,0.595101177692413
372,373,0.003579747103088,0.003603973833378,24.451681137085,0.592381358146668
373,374,0.003585172393027,0.003562126361898,24.5076160430908,0.594839572906494
374,375,0.003595432020458,0.003580637665332,24.4843978881836,0.594313025474548
375,376,0.003571972033075,0.003509817892752,24.5693359375,0.598699033260345
376,377,0.003556434008559,0.003614506790681,24.4385185241699,0.590655863285065
377,378,0.003588866813308,0.003569694427175,24.4985656738281,0.595987796783447
378,379,0.003583944943135,0.003571558612332,24.4985103607178,0.592689216136932
379,380,0.003587590577081,0.003588653312597,24.4731521606445,0.594106435775757
380,381,0.003611217628765,0.00358916323499,24.4757881164551,0.591572225093842
381,382,0.003542765357997,0.003510059394674,24.5719947814941,0.595956861972809
382,383,0.003622694305211,0.003613565025652,24.4437808990479,0.592009544372559
383,384,0.003545742644928,0.003618680258348,24.4385070800781,0.591745734214783
384,385,0.003597260003776,0.00352794272559,24.5524291992187,0.595201969146729
385,386,0.003592337193965,0.003556627351125,24.5129814147949,0.595500528812408
386,387,0.00356591878725,0.003563757609975,24.5023880004883,0.59319019317627
387,388,0.003576563450042,0.003597496528112,24.4617824554443,0.591100633144379
388,389,0.003549480877285,0.003588325857917,24.4736461639404,0.592040836811066
389,390,0.003559093341963,0.003554395120591,24.5193042755127,0.593414604663849
390,391,0.00355846942735,0.003594628051256,24.4660377502441,0.593165576457977
391,392,0.003543244481885,0.003624137274788,24.4260215759277,0.59222549200058
392,393,0.00354284944811,0.003604315377639,24.4539241790771,0.592165470123291
393,394,0.003521721539021,0.003608300751408,24.4470520019531,0.592062711715698
394,395,0.003602325384106,0.003531701415445,24.5424346923828,0.594532549381256
395,396,0.003564710406187,0.003570560028311,24.4975147247314,0.592852711677551
396,397,0.003536451080747,0.003518073942645,24.5636234283447,0.595254123210907
397,398,0.003566963393574,0.003563656182294,24.5026721954346,0.593835175037384
398,399,0.003559667430818,0.003598728499907,24.4600124359131,0.59105396270752
399,400,0.003532317200942,0.003549458039925,24.5223388671875,0.594466388225555
400,401,0.003587371899214,0.003566912152538,24.496753692627,0.593075454235077
401,402,0.0036068948651,0.003531051545204,24.5411758422852,0.595835447311401
402,403,0.003577539015428,0.003580588829105,24.4797077178955,0.593290746212006
403,404,0.00355292134253,0.003542263717723,24.5357837677002,0.596747636795044
404,405,0.00356003070483,0.003657486194944,24.3929920196533,0.590222299098969
405,406,0.003579237807675,0.00362007083022,24.4340190887451,0.59157657623291
406,407,0.003581991573862,0.003580566133106,24.4799327850342,0.592651903629303
407,408,0.003530750350494,0.003568952151441,24.4946212768555,0.595153570175171
408,409,0.003629644815477,0.003540496213827,24.5360870361328,0.595454096794128
409,410,0.003544312782053,0.003585716355259,24.4761791229248,0.593681573867798
410,411,0.003529384239976,0.003567549095689,24.4989242553711,0.593752920627594
411,412,0.00355399331976,0.003589756605548,24.4740657806396,0.590678751468658
412,413,0.003565343745452,0.003613275083314,24.4408206939697,0.59169864654541
413,414,0.003544240421616,0.003587279969361,24.4743270874023,0.59249484539032
414,415,0.003563922187979,0.003563922439103,24.5027294158936,0.594440996646881
415,416,0.003579271090816,0.00358604768657,24.4732837677002,0.592027246952057
416,417,0.003596230872375,0.003569796017837,24.4940891265869,0.593113362789154
417,418,0.003552107168694,0.003536270585443,24.5351943969727,0.593955039978027
418,419,0.003569345264363,0.003530950225624,24.5430316925049,0.595472991466522
419,420,0.003546135180763,0.003604637131295,24.4509773254395,0.592526793479919
420,421,0.003544836577826,0.003610512551053,24.4471263885498,0.590704917907715
421,422,0.00351990807103,0.003541357471009,24.533239364624,0.594432055950165
422,423,0.003518170233084,0.003546481547944,24.5246295928955,0.593316555023193
423,424,0.003540370367201,0.003525303169486,24.5510807037353,0.594793260097504
424,425,0.003555041699604,0.003529885808738,24.5390129089355,0.595310807228088
425,426,0.003577698042084,0.003567351257828,24.4972019195557,0.592385709285736
426,427,0.003585264894978,0.003525195972595,24.553861618042,0.595211327075958
427,428,0.003581042497951,0.003547661004788,24.5220851898193,0.593574106693268
428,429,0.00356412497848,0.003524599049706,24.5554580688477,0.594483494758606
429,430,0.003566448284047,0.003518256598285,24.5632495880127,0.595291793346405
430,431,0.003528211320684,0.003523378770998,24.5538787841797,0.59576678276062
431,432,0.003543665529495,0.00350645220273,24.5766315460205,0.595284700393677
432,433,0.003511300694663,0.00358290070435,24.4816398620605,0.591421365737915
433,434,0.003537896983991,0.003538619459141,24.5332527160645,0.593202948570251
434,435,0.003500924502233,0.003528366246194,24.5440711975098,0.594616949558258
435,436,0.003554921878302,0.003546699487405,24.520975112915,0.593305945396423
436,437,0.003521861132633,0.003564549774663,24.5000286102295,0.592456579208374
437,438,0.003517878626008,0.003531015848941,24.5441436767578,0.592763721942902
438,439,0.003538373736332,0.00353455613201,24.5407409667969,0.59226793050766
439,440,0.003550134374694,0.003584075037257,24.4796619415283,0.592345416545868
440,441,0.003538730023761,0.003534082637634,24.5438365936279,0.593372344970703
441,442,0.00351595874776,0.003532040115845,24.5396213531494,0.593001782894135
442,443,0.003554868689805,0.003488778584038,24.5995616912842,0.59582930803299
443,444,0.003507635822254,0.003564919335102,24.5089912414551,0.591320693492889
444,445,0.003527596241994,0.003581087282925,24.4801959991455,0.591343343257904
445,446,0.003532731784175,0.003542245753176,24.5290546417236,0.593736350536346
446,447,0.003522583313419,0.003544722357765,24.5308933258057,0.592019736766815
447,448,0.003525393986742,0.003541698305136,24.5258293151855,0.592864036560059
448,449,0.003523569131669,0.003514948430737,24.5651092529297,0.594122409820557
449,450,0.003536390830829,0.003505707276054,24.5714435577393,0.594051480293274
450,451,0.003548094334214,0.003480251881826,24.6059112548828,0.595215737819672
451,452,0.003505546910622,0.003499167771744,24.5835456848145,0.595447719097137
452,453,0.003535308306372,0.003556741675961,24.5097789764404,0.592489421367645
453,454,0.003530784014479,0.003529951646591,24.5455017089844,0.593331813812256
454,455,0.003544300930974,0.003503969863855,24.5733814239502,0.59345954656601
455,456,0.003515275015629,0.003500189161527,24.5798931121826,0.593564033508301
456,457,0.003499273332168,0.003506533859763,24.5736122131348,0.594303786754608
457,458,0.0035219595252,0.003489944460203,24.5929317474365,0.595957458019257
458,459,0.003527124221104,0.003523640289703,24.5508270263672,0.593003928661346
459,460,0.00350444571481,0.003525370339464,24.5493679046631,0.59337729215622
460,461,0.003519009091958,0.003447107338746,24.6506366729736,0.597157180309296
461,462,0.003482576359862,0.003515096417894,24.5597629547119,0.593983232975006
462,463,0.003523206364896,0.003495255628202,24.5893383026123,0.594159126281738
463,464,0.003516799974854,0.003555855983203,24.5100479125977,0.590075790882111
464,465,0.00351636761999,0.003510399488732,24.5692901611328,0.593895494937897
465,466,0.003499065224813,0.003507457264433,24.5767917633057,0.592789232730866
466,467,0.003508838508943,0.003519792987832,24.5616016387939,0.593463659286499
467,468,0.003492563723453,0.003488087417957,24.594108581543,0.594308197498322
468,469,0.003526538848278,0.003477249385989,24.6084671020508,0.595533072948456
469,470,0.003496129887312,0.00351850232442,24.5598545074463,0.592600166797638
470,471,0.003495780736141,0.003484472266531,24.597240447998,0.594893395900726
471,472,0.003489177921853,0.003531696777126,24.5423679351807,0.591556310653687
472,473,0.003502722438757,0.003526941703499,24.5458564758301,0.592242002487183
473,474,0.003505653540404,0.003476621049257,24.6153411865234,0.59287291765213
474,475,0.00349360116192,0.003545806508711,24.5245990753174,0.589920699596405
475,476,0.003481031906059,0.003497457076862,24.5797634124756,0.593595027923584
476,477,0.003531312759567,0.003513903102638,24.5645027160645,0.591861188411713
477,478,0.003501640799056,0.003423146886884,24.6780948638916,0.597101509571075
478,479,0.00351708423945,0.003535325615667,24.5372371673584,0.589696109294891
479,480,0.003503720919668,0.00346168739322,24.6286125183105,0.594897031784058
480,481,0.003467909971784,0.003543672123591,24.5274105072021,0.591145515441895
481,482,0.003452685136082,0.0034686054602,24.6215953826904,0.594842195510864
482,483,0.003485183394514,0.003503277660015,24.5800075531006,0.593194603919983
483,484,0.003489630494732,0.0035085677136,24.5788631439209,0.594253420829773
484,485,0.003499041948401,0.003495805554225,24.584005355835,0.593899667263031
485,486,0.003493998648732,0.003466432228951,24.6256408691406,0.595127522945404
486,487,0.0034750041502,0.003520539264926,24.5551662445068,0.591623604297638
487,488,0.003480373643937,0.003485520218965,24.6012058258057,0.594139456748962
488,489,0.00347048035723,0.003457340468386,24.6327953338623,0.596328556537628
489,490,0.003492940072569,0.003445598158786,24.6495265960693,0.595511496067047
490,491,0.003494002257607,0.003502215614675,24.5811672210693,0.593008756637573
491,492,0.003493928912628,0.003514454174521,24.563138961792,0.59327757358551
492,493,0.003481942031067,0.00345934111891,24.6347370147705,0.594596147537231
493,494,0.003454798458344,0.003461999728877,24.629373550415,0.595156669616699
494,495,0.003466489427124,0.003414271021861,24.6886100769043,0.595914483070374
495,496,0.00348946604146,0.003474185893512,24.6138210296631,0.593171656131744
496,497,0.003458339088996,0.003454416737493,24.6410274505615,0.59502637386322
497,498,0.003478964599448,0.003456656949129,24.6321334838867,0.59380841255188
498,499,0.003445285853065,0.003476583970977,24.605712890625,0.59370630979538
499,500,0.003462649128466,0.003542797413788,24.5305519104004,0.588461756706238
500,501,0.003491682815366,0.003469724189823,24.6193809509277,0.592987418174744
501,502,0.003495200364185,0.003458009838193,24.6389942169189,0.594763398170471
502,503,0.003479563243621,0.003494345451639,24.5882987976074,0.592394471168518
503,504,0.003462230641994,0.003484288822593,24.602409362793,0.594400584697723
504,505,0.003436908085964,0.003464176174852,24.6287841796875,0.593850493431091
505,506,0.003438014773253,0.003460265955489,24.6359405517578,0.593073189258575
506,507,0.003477317000008,0.003497681921415,24.5820617675781,0.59233695268631
507,508,0.003458145304051,0.003473152266815,24.6160926818848,0.592650473117828
508,509,0.00350874117243,0.003464216516087,24.6289253234863,0.594513237476349
509,510,0.003480523804735,0.003476995761905,24.6060276031494,0.59331613779068
510,511,0.003456867057165,0.003453858509394,24.6388568878174,0.594545185565949
511,512,0.003496195723502,0.003479852465846,24.6057090759277,0.592147529125214
512,513,0.003469842442844,0.003473443266869,24.6089000701904,0.592962205410004
513,514,0.003445607051253,0.003505133017565,24.5679626464844,0.590662837028503
514,515,0.003471950142245,0.003450387691347,24.6458473205566,0.593522191047668
515,516,0.003449662550286,0.003487026734677,24.5953788757324,0.591424643993378
516,517,0.003486246322947,0.003498291031324,24.5804119110107,0.59263676404953
517,518,0.003463237391718,0.003415431621085,24.6865158081055,0.5950887799263
518,519,0.003435496758071,0.003472142990878,24.6181545257568,0.59236091375351
519,520,0.003445364904058,0.003485714486201,24.5938415527344,0.592098116874695
520,521,0.003460103848816,0.003443718498706,24.6494274139404,0.59487110376358
521,522,0.003426097185417,0.003447063826025,24.6448535919189,0.59351110458374
522,523,0.003446567998201,0.003423982597555,24.679874420166,0.59657496213913
523,524,0.003464248824665,0.003471484896727,24.6152420043945,0.593145251274109
524,525,0.00343133925427,0.003433102159761,24.6664657592773,0.593137145042419
525,526,0.003447672548438,0.003443618682546,24.6573143005371,0.593512535095215
526,527,0.003434524334235,0.00345220582593,24.6445655822754,0.593604981899262
527,528,0.003460507350974,0.003448969310349,24.6457347869873,0.592377901077271
528,529,0.003428599058783,0.003463292248281,24.6274013519287,0.591412782669067
529,530,0.003422562353912,0.003392187158378,24.7166595458984,0.595788776874542
530,531,0.003451690330569,0.003419346655054,24.6849422454834,0.595077812671661
531,532,0.003449763949694,0.003457431779576,24.6375427246094,0.593102693557739
532,533,0.003416058915069,0.003439290806585,24.6596202850342,0.593362629413605
533,534,0.003463784269323,0.003425003037721,24.6770687103271,0.59678590297699
534,535,0.003422044506962,0.003472206214376,24.6176204681396,0.592981398105621
535,536,0.003410110462989,0.003468283633369,24.6184101104736,0.592779278755188
536,537,0.003459545429463,0.003454578652911,24.6385669708252,0.593064308166504
537,538,0.003446564163148,0.003428247585959,24.6718406677246,0.593824744224548
538,539,0.003423118631222,0.003409146939937,24.6952495574951,0.598159909248352
539,540,0.00342028554795,0.003438878343773,24.6581764221191,0.592708826065064
540,541,0.0034501219002,0.003453163576445,24.6435070037842,0.593484044075012
541,542,0.003469064916551,0.003396757607282,24.7164039611816,0.596131443977356
542,543,0.003467121033464,0.003462784023889,24.6298122406006,0.593466937541962
543,544,0.003474889067002,0.003421815025753,24.6853160858154,0.593767881393433
544,545,0.003415940853301,0.003425657837319,24.6785545349121,0.594415664672852
545,546,0.003390551805829,0.003461707918905,24.6298446655273,0.592436790466309
546,547,0.00344318039549,0.003450535921313,24.6467189788818,0.592094838619232
547,548,0.00344347616192,0.003396204933857,24.7161865234375,0.595865726470947
548,549,0.00344427759992,0.003426396670485,24.6741905212402,0.593277990818024
549,550,0.003447871084791,0.003433600219432,24.6669158935547,0.5935178399086
550,551,0.003444131502017,0.003453675102043,24.6370372772217,0.591496050357819
551,552,0.003439926856663,0.003439757068242,24.6575832366943,0.592542946338654
552,553,0.003441022900266,0.003421122158345,24.67795753479,0.59344756603241
553,554,0.003395474066825,0.003480834866475,24.6029357910156,0.589809656143189
554,555,0.003440127002874,0.003421640003632,24.675407409668,0.593267142772675
555,556,0.003394905634091,0.003451837146921,24.6364879608154,0.592143714427948
556,557,0.003435280366934,0.003443414915819,24.6543216705322,0.592771887779236
557,558,0.003434585804851,0.003451943701865,24.6395931243896,0.592583656311035
558,559,0.003424590042726,0.003389361430891,24.7132110595703,0.596210062503815
559,560,0.003440641235959,0.003423035296146,24.6800231933594,0.593240916728973
560,561,0.003457432278498,0.003411870137123,24.6946430206299,0.594550788402557
561,562,0.003401588623612,0.00339496512731,24.7165012359619,0.59331738948822
562,563,0.003419756112687,0.00341258033212,24.6933841705322,0.593604266643524
563,564,0.003420530356068,0.003414873830375,24.6913681030273,0.593841016292572
564,565,0.00345069623519,0.003399411178127,24.7111396789551,0.593925654888153
565,566,0.00342512160839,0.003437233687977,24.6659564971924,0.593014180660248
566,567,0.003433808162143,0.003444944375328,24.646821975708,0.591358482837677
567,568,0.003388280810655,0.003371751225287,24.745777130127,0.597155869007111
568,569,0.003409200865177,0.003406112336753,24.7057800292969,0.594805777072907
569,570,0.003408746065439,0.003372253998116,24.7438907623291,0.595109760761261
570,571,0.00343069056814,0.003400069486815,24.7056407928467,0.595155537128449
571,572,0.003401837010668,0.003420459151468,24.6804313659668,0.594937324523926
572,573,0.003441556496546,0.003413659395717,24.6913871765137,0.593796074390411
573,574,0.003406719921622,0.003434629964509,24.6660079956055,0.592154204845428
574,575,0.003389221694254,0.003369619630809,24.7486782073975,0.594842255115509
575,576,0.00341572168649,0.00337979239079,24.7356548309326,0.596857190132141
576,577,0.003411513006514,0.003375620404924,24.7358570098877,0.596008002758026
577,578,0.003424565073302,0.003416296585263,24.688346862793,0.592191457748413
578,579,0.003388967948766,0.003400316939224,24.7069530487061,0.594349145889282
579,580,0.003416371260703,0.003414546971076,24.6892223358154,0.593023240566254
580,581,0.003383352535976,0.003383078426123,24.7254257202148,0.596164286136627
581,582,0.003438598271792,0.003338087227062,24.7888946533203,0.598455607891083
582,583,0.003414080177234,0.003401517826465,24.705249786377,0.593976676464081
583,584,0.003408833438464,0.003422336654538,24.6778163909912,0.593036353588104
584,585,0.003381650934794,0.003393732295704,24.7114124298096,0.594002425670624
585,586,0.003385458259644,0.003362281124906,24.7544860839844,0.595400094985962
586,587,0.003411582890632,0.00337686288237,24.7398433685303,0.596087634563446
587,588,0.003417192594082,0.003396330985041,24.7107486724853,0.593607425689697
588,589,0.003401669731829,0.003388703559592,24.7208576202393,0.593857705593109
589,590,0.003414905403874,0.0034382488063,24.6590976715088,0.592130303382874
590,591,0.003442804523677,0.003406773278091,24.696361541748,0.592586696147919
591,592,0.003372863771593,0.003367899798988,24.7469520568848,0.595735728740692
592,593,0.00341906342988,0.003406671097036,24.7017784118652,0.593413591384888
593,594,0.003370917079571,0.003440279300724,24.6566734313965,0.590471863746643
594,595,0.00345540188386,0.003414567576588,24.6959533691406,0.592803061008453
595,596,0.003433634006485,0.003385235197909,24.7297878265381,0.593650043010712
596,597,0.003421570249234,0.00340591856345,24.7054920196533,0.592426598072052
597,598,0.003380564761548,0.003372959583066,24.7416076660156,0.595015466213226
598,599,0.003382207840748,0.003421020037162,24.6780433654785,0.59144526720047
599,600,0.003425554245976,0.003402285018404,24.7004566192627,0.592864453792572
